track,track_stem,label,preset_folder,preset_short_label,duration_sec,sample_rate_hz,peak_dbfs,rms_dbfs,crest_factor_db,spectral_mae_db,spectral_rmse_db,spectral_bias_db,spectral_corr,mae_20_200_db,mae_200_2000_db,mae_2000_8000_db,mae_8000_20000_db
Deftones/around the fur/02 Deftones - Lhabia.wav,Deftones__around_the_fur__02_Deftones_-_Lhabia,WAV source,source_wav,WAV,251.22666666666666,44100,3.0010176,-9.228338,12.229356,0.0,0.0,0.0,1.0,0.0,0.0,0.0,0.0
Deftones/around the fur/02 Deftones - Lhabia.wav,Deftones__around_the_fur__02_Deftones_-_Lhabia,MP3 128 kbps CBR,mp3_128,128 CBR,251.22666666666666,44100,3.8779962,-9.651032,13.529028,8.6004056930542,17.267488479614258,-8.466178894042969,0.8911360840933307,0.4353364408016205,0.43603068590164185,0.24251632392406464,11.297126770019531
Deftones/around the fur/02 Deftones - Lhabia.wav,Deftones__around_the_fur__02_Deftones_-_Lhabia,MP3 192 kbps CBR,mp3_192,192 CBR,251.22666666666666,44100,3.7989478,-9.489326,13.288273,4.634299278259277,11.588979721069336,-4.625339031219482,0.9257784510257532,0.2640974521636963,0.2605438828468323,0.22781303524971008,4.043575286865234
Deftones/around the fur/02 Deftones - Lhabia.wav,Deftones__around_the_fur__02_Deftones_-_Lhabia,MP3 320 kbps CBR,mp3_320,320 CBR,251.22666666666666,44100,3.343092,-9.227961,12.571053,2.232295274734497,7.525931358337402,-2.201934814453125,0.9475343816907325,0.0008753607980906963,0.002085017506033182,0.006818533409386873,0.07287723571062088
Deftones/around the fur/02 Deftones - Lhabia.wav,Deftones__around_the_fur__02_Deftones_-_Lhabia,MP3 VBR q0,mp3_v0,V0,251.22666666666666,44100,3.4134831,-9.227701,12.641186,0.559097409248352,1.473462462425232,-0.5225521326065063,0.9974507418005464,0.0011396969202905893,0.004211779683828354,0.012651619501411915,0.37204688787460327
Deftones/around the fur/02 Deftones - Lhabia.wav,Deftones__around_the_fur__02_Deftones_-_Lhabia,MP3 VBR q2,mp3_v2,V2,251.22666666666666,44100,3.8148024,-9.232731,13.047534,4.614619731903076,11.5975341796875,-4.521575927734375,0.9270676449110885,0.0029223947785794735,0.010378637351095676,0.03441673517227173,4.145979881286621
Deftones/around the fur/02 Deftones - Lhabia.wav,Deftones__around_the_fur__02_Deftones_-_Lhabia,MP3 VBR q5,mp3_v5,V5,251.22666666666666,44100,4.6666365,-9.21077,13.877406,9.023569107055664,17.505767822265625,-8.437220573425293,0.8921136798117791,0.011472533456981182,0.04634065553545952,0.2479027956724167,12.137283325195312
